{"cameraMode":{"drawMode":0,"name":"Shaded","section":"Shading Mode"},"sceneLighting":true,"audioPlay":false,"sceneViewState":{"m_AlwaysRefresh":false,"showFog":true,"showSkybox":true,"showFlares":true,"showImageEffects":true,"showParticleSystems":true,"showVisualEffectGraphs":true,"m_FxEnabled":true},"in2DMode":false,"pivot":{"x":-29.127355575561525,"y":11.433158874511719,"z":13.232931137084961},"rotation":{"x":0.3091854751110077,"y":0.018542993813753129,"z":-0.006029876414686441,"w":0.9508021473884583},"size":17.79180145263672,"orthographic":false}